ID,Institution,Deg_Prog,Semester,Age,Gender,Mother_Tong,No_of_Lang,Spk_prof_Urdu,Spk_prof_Eng,Spk_prof_Pash,Spk_prof_Balo,Spk_prof_Brah,Spk_prof_Sind,Spk_prof_Sara,Spk_prof_Pers,Spk_prof_Punj,Spk_prof_Hind,Spk_prof_Other,NameOtherLang,Lang_Aca_Ex,Sp_Slf_As,Rd_Slf_As,Wr_Slf_As,Lis_Slf_As,Item1,Item2,Item3,Item4,Item5,Item6,Item7,Item8,Item9,Item10,Item11,Item12,Item13,Item14,Item15,Item16,Item17,Item18,Item19,Item20,Item21,Item22,Item23,Item24,Item25,Item26,Item27,Item28,Item29,Item30,Item31,Item32,Item33,Item34,Item35,item36,Item37,Item38,Item39,Item40,Item41,Item42,Item43,Item44,Item45,Item46,Item47,Item48,Item49,Item50,Item51,Item52,Item53,Item54
001,3,5,3,20,2,6,4,1,1,1,0,0,0,0,1,0,0,0,                      .00,1,2,2,2,2,1,6,1,1,7,2,1,6,1,2,2,2,7,6,1,1,7,2,1,1,7,7,7,2,6,1,1,1,2,1,7,6,6,2,6,2,6,7,1,2,6,7,6,7,6,7,7,6,2,2,6,6,7,7
002,3,5,3,20,2,1,4,1,1,1,0,0,0,0,0,0,0,1,Turkish,0,2,1,1,1,2,6,1,2,5,2,5,5,5,2,5,2,5,6,5,5,2,6,2,5,2,4,6,6,5,4,6,6,4,5,6,5,6,4,6,4,4,3,6,1,6,5,44,2,2,4,5,6,6,4,5,2,5,2
003,3,5,3,20,2,8,3,1,1,0,0,0,0,0,0,0,1,0, ,0,2,1,2,2,7,5,7,6,7,2,5,3,7,6,7,6,4,6,7,6,6,6,6,6,6,6,6,4,6,6,6,6,4,6,6,6,6,2,6,2,7,6,7,2,4,7,7,6,7,6,9,5,6,7,6,7,7,4
004,3,5,3,20,2,4,2,1,1,0,0,0,0,0,0,0,0,0, ,0,3,2,2,2,6,6,7,4,2,1,6,4,7,4,7,2,4,4,6,5,6,4,6,6,3,5,6,3,7,5,3,6,4,3,5,5,5,5,5,2,6,6,4,3,4,6,6,4,4,4,3,4,4,6,4,7,4,3
005,3,5,3,19,2,2,4,1,1,0,1,1,0,0,0,0,0,0, ,0,2,2,2,2,1,1,6,4,4,6,1,1,4,7,1,4,1,2,2,4,2,1,2,4,4,6,6,4,6,4,4,4,4,4,6,6,3,6,4,1,6,6,4,1,1,4,2,4,4,4,1,1,4,4,4,6,4,1
006,3,6,5,22,2,1,4,1,1,1,0,0,0,0,1,0,0,0, ,1,3,2,2,3,4,1,5,4,7,1,4,4,7,3,2,4,4,3,7,4,5,4,4,7,5,4,7,2,7,4,6,6,6,4,6,6,5,4,4,4,6,6,6,7,2,6,4,4,6,4,2,5,4,6,6,6,7,4
007,3,6,1,21,2,6,3,1,1,0,0,0,0,0,1,0,0,0, ,1,2,1,1,1,2,7,7,7,7,4,7,7,7,6,5,2,7,1,7,7,4,7,7,7,7,7,7,7,7,1,7,7,7,7,7,7,7,5,7,1,1,5,7,1,7,7,7,7,7,7,7,7,7,5,7,7,7,7
008,3,7,1,19,2,6,3,1,1,0,0,0,0,0,1,0,0,0, ,1,1,1,2,1,1,6,7,6,6,4,6,4,6,6,1,4,6,6,6,6,4,4,4,6,7,6,6,6,6,2,2,6,6,6,7,6,6,1,7,4,4,2,7,2,6,6,6,6,6,6,6,7,6,1,7,6,6,6
009,3,6,5,20,2,6,3,1,1,0,0,0,0,0,1,0,0,0, ,1,1,1,1,1,1,6,7,6,7,1,7,6,7,1,1,7,7,7,7,7,7,7,7,7,7,7,7,7,7,1,7,7,7,7,7,7,7,1,7,7,7,4,7,1,7,7,7,7,7,7,7,7,7,1,7,7,7,7
010,3,6,5,22,2,6,3,1,1,0,0,0,0,0,1,0,0,0, ,1,2,1,2,2,5,4,7,6,7,2,7,7,7,1,3,4,7,1,7,7,4,4,7,7,7,7,7,7,7,7,1,7,7,7,7,4,7,5,7,1,7,6,7,7,7,7,7,7,7,7,7,7,7,5,7,7,7,4
011,3,6,1,20,2,6,3,1,1,0,0,0,0,0,1,0,0,0, ,1,1,1,2,1,2,7,7,7,7,3,7,6,7,6,1,2,6,7,7,7,5,6,7,7,7,7,7,7,7,1,7,7,7,7,7,7,7,1,7,1,7,1,7,1,7,7,7,7,7,7,7,7,7,1,7,5,7,7
012,3,6,5,22,2,6,3,1,1,0,0,0,0,0,1,0,0,0, ,1,1,999,999,999,5,6,7,7,7,4,7,7,7,5,5,7,7,4,7,7,4,7,7,7,7,6,7,6,7,6,5,7,7,7,7,7,6,4,7,7,7,5,3,5,7,6,7,7,6,7,7,7,7,6,7,6,7,7
013,3,6,5,22,2,1,3,1,1,0,0,0,0,0,1,0,0,0, ,1,999,999,999,999,6,7,7,6,7,3,7,7,7,1,6,6,7,6,6,7,6,7,7,6,5,6,7,7,7,5,3,6,7,6,7,7,7,6,7,7,6,6,5,6,7,7,7,6,6,7,6,7,7,7,6,6,7,7
014,3,6,5,22,2,6,3,1,1,0,0,0,0,0,1,0,0,0, ,1,1,1,1,2,5,7,7,4,7,6,7,7,6,5,7,6,7,1,4,6,1,2,2,6,7,7,4,1,7,1,4,3,7,7,7,4,7,7,7,4,2,7,3,5,3,1,5,7,4,7,7,7,7,7,4,4,7,7
015,3,5,3,20,2,3,4,1,1,1,0,1,0,0,0,0,0,0, ,1,1,1,2,2,4,5,7,7,6,1,7,5,7,7,1,7,5,7,7,7,7,5,7,7,7,7,7,5,6,5,1,7,7,7,7,7,5,2,7,1,7,6,7,1,7,7,7,7,6,7,5,6,7,3,7,7,7,5
016,3,5,3,22,2,1,4,1,1,1,0,0,0,0,1,0,0,0, ,0,2,2,2,1,3,2,7,4,7,2,5,2,6,1,6,2,2,2,6,6,2,2,6,6,6,5,5,6,4,2,2,6,2,2,6,6,6,2,6,6,4,6,2,6,6,6,4,6,4,2,6,6,2,6,2,6,6,2
017,3,8,3,20,2,6,3,1,1,0,0,0,0,0,1,0,0,0, ,1,2,1,1,2,2,5,4,6,3,3,5,2,6,6,6,4,5,6,6,6,5,7,6,3,7,5,7,5,6,3,1,1,5,3,6,6,7,2,6,2,7,6,3,1,7,6,6,5,6,6,5,6,3,6,7,7,7,2
018,3,8,3,20,2,3,4,1,1,0,1,1,0,0,0,0,0,0, ,1,2,2,2,2,2,5,7,6,7,1,7,3,7,4,1,6,6,7,7,7,4,6,6,7,7,7,7,7,7,6,1,7,7,7,7,7,5,7,7,7,7,6,7,7,7,5,7,7,7,7,6,7,2,5,7,7,7,7
019,3,8,3,20,2,5,3,1,1,0,0,0,0,0,0,1,0,0, ,1,2,2,3,1,2,3,1,5,4,3,1,2,2,6,2,6,6,6,7,6,7,7,5,4,4,6,7,6,6,6,2,7,7,6,6,6,7,2,6,6,6,3,6,4,4,6,5,4,6,6,5,6,4,5,6,6,6,4
020,3,8,3,20,2,7,3,1,1,0,0,0,0,1,0,0,0,0, ,0,3,3,3,3,6,2,5,4,6,1,5,2,6,1,6,2,2,1,6,5,3,2,2,6,3,5,6,6,6,5,2,6,5,2,6,5,6,5,5,2,5,5,2,2,5,2,5,5,5,5,2,2,5,6,2,5,6,5
021,3,8,3,19,2,9,3,1,1,0,0,0,0,0,0,0,0,1,Kashmiri,1,2,2,2,2,3,5,4,5,4,3,2,3,4,5,3,2,7,5,4,3,2,4,3,2,5,4,3,4,3,3,4,3,4,4,4,3,4,3,4,2,4,4,4,2,3,3,3,3,4,3,3,3,3,4,4,4,4,2
022,3,8,3,999,2,1,3,1,1,1,0,0,0,0,0,0,0,0, ,0,3,999,999,999,6,6,4,3,4,4,5,2,6,2,4,5,7,2,6,6,6,6,6,5,2,2,6,5,6,5,3,6,2,4,4,5,4,999,5,2,4,999,4,4,6,4,999,4,4,5,5,4,5,4,5,999,4,5
023,3,8,3,20,2,10,5,1,1,1,0,0,0,0,1,0,0,1,Dari,1,1,1,1,1,5,6,5,7,7,2,7,7,6,5,1,6,7,6,3,6,4,6,7,4,7,6,7,6,7,6,7,4,6,6,7,7,7,2,7,4,6,2,7,4,6,3,7,5,5,6,6,7,5,1,5,4,6,6
024,3,8,3,20,2,4,2,1,1,0,0,0,0,0,0,0,0,0, ,1,2,1,2,1,2,1,6,2,2,1,4,4,4,2,5,4,1,6,1,1,2,1,2,2,6,4,6,6,6,2,1,6,6,7,6,6,7,2,6,4,5,2,6,2,2,2,2,5,3,2,2,2,3,3,5,6,7,2
025,3,5,1,18,2,1,3,1,1,1,0,0,0,0,0,0,0,0, ,1,2,2,2,2,6,3,4,4,6,4,6,4,6,6,3,6,3,3,7,6,4,6,7,5,7,6,7,5,7,5,2,7,6,6,7,6,6,4,5,3,5,5,3,2,4,6,6,5,6,5,4,6,4,5,6,6,7,5
026,3,5,1,19,2,1,3,1,1,1,0,0,0,0,0,0,0,0, ,0,3,2,1,2,6,5,7,5,999,2,6,4,5,4,5,3,4,2,3,3,4,6,7,7,5,5,6,5,4,5,5,5,3,3,6,6,6,5,6,4,5,5,4,5,5,4,5,4,3,5,4,5,5,3,3,4,5,6
027,3,5,1,20,2,1,999,1,0,1,0,0,0,0,0,0,0,0, ,0,3,2,2,2,6,5,6,5,7,1,999,6,6,2,7,6,5,1,6,6,6,5,6,6,5,6,5,6,7,7,3,7,6,5,6,6,7,6,6,5,6,7,5,5,6,7,6,6,5,6,5,5,6,7,5,7,7,5
028,3,5,1,19,2,5,3,1,1,0,0,0,0,0,0,1,0,0, ,1,3,1,2,1,6,2,1,4,6,6,6,6,1,4,6,6,5,6,6,6,7,6,7,7,6,6,7,6,7,7,4,7,6,6,7,7,7,4,6,2,6,6,4,1,6,7,7,6,6,6,4,7,6,6,6,6,7,2
029,3,5,1,18,2,3,4,1,1,0,1,1,0,0,0,0,0,0, ,1,2,1,1,1,6,2,7,4,6,6,6,6,7,4,6,6,5,6,6,6,7,6,7,7,6,6,7,6,7,7,4,7,7,6,7,7,7,4,6,2,6,6,6,1,6,7,7,6,6,6,4,7,6,6,6,6,7,2
030,3,5,1,20,2,2,3,1,1,0,1,0,0,0,0,0,0,0, ,0,3,2,2,2,6,6,5,4,6,4,5,4,6,3,6,4,3,4,5,7,7,6,6,6,4,5,6,6,7,6,1,7,7,6,7,7,7,4,5,4,7,6,4,3,7,7,7,5,6,5,4,6,6,7,6,7,7,4
031,3,5,1,18,2,999,3,1,1,0,0,0,0,0,0,1,0,0, ,0,3,2,2,2,6,6,5,4,6,4,5,6,6,3,6,4,3,4,5,7,7,6,6,6,4,5,6,6,7,6,2,7,7,6,7,7,7,4,5,4,7,6,4,3,7,7,7,5,6,5,4,6,6,7,6,7,7,4
032,3,5,1,20,2,1,3,1,1,1,0,0,0,0,0,0,0,0, ,0,3,2,2,3,5,6,7,6,5,6,6,1,5,3,7,6,1,7,7,7,6,5,7,7,7,6,7,7,6,7,7,7,7,7,7,7,6,4,7,6,7,7,7,1,5,5,7,4,4,5,6,7,7,6,7,7,6,1
033,3,5,5,21,2,4,2,1,1,0,0,0,0,0,0,0,0,0, ,1,2,2,1,3,1,2,7,6,6,4,6,6,6,7,2,4,7,6,6,6,6,4,7,7,7,6,6,6,7,6,6,7,6,7,6,6,7,2,7,2,7,6,7,7,7,6,7,6,6,4,7,6,6,6,6,6,6,6
034,3,5,5,20,2,6,3,1,1,0,0,0,0,0,1,0,0,0, ,1,1,2,2,2,5,7,7,7,6,2,7,7,7,4,2,6,7,5,6,7,6,7,6,6,6,7,7,7,6,4,5,5,6,6,7,7,7,2,6,4,6,3,3,2,6,5,6,6,5,6,6,7,6,3,6,5,7,6
035,3,5,5,21,2,1,3,1,1,1,0,0,0,0,0,0,0,0, ,1,3,2,2,1,3,6,6,6,3,3,5,7,5,1,5,4,7,3,3,6,4,7,7,5,6,7,7,7,7,5,3,6,7,5,5,7,7,5,7,3,4,6,4,1,7,1,5,6,4,5,7,7,7,4,1,7,7,4
036,3,5,1,20,2,6,3,1,1,0,0,0,0,0,1,0,0,0, ,1,2,2,2,2,1,5,6,6,5,4,5,2,5,6,2,4,6,6,6,6,5,6,6,6,6,6,6,5,7,5,6,5,7,5,7,6,7,3,6,5,6,5,4,2,6,7,7,7,5,6,6,6,2,2,6,6,6,6
037,3,5,1,19,2,6,4,1,1,1,0,0,0,0,1,0,0,0, ,1,2,1,2,2,1,5,6,5,5,4,5,2,6,6,2,4,6,6,6,6,5,6,6,6,6,6,6,5,7,5,6,5,7,5,7,6,7,3,6,5,6,5,4,2,6,7,7,7,5,6,6,7,2,2,6,6,7,6
038,3,9,1,19,2,3,5,1,1,0,1,1,1,0,0,0,0,0, ,0,2,999,999,999,6,7,7,5,5,3,7,6,7,1,6,6,7,1,7,6,2,7,7,6,4,7,7,4,6,6,2,7,6,7,6,5,3,6,6,3,7,6,4,2,6,7,3,7,6,7,7,6,7,6,5,7,6,6
039,3,10,1,19,2,3,5,1,1,0,1,1,1,0,0,0,0,0, ,1,2,1,2,1,6,7,7,5,5,3,7,6,7,1,6,5,7,2,7,6,6,7,7,6,4,7,7,4,6,6,2,7,6,7,6,5,3,6,6,3,7,6,2,2,6,6,5,5,5,4,6,6,5,6,4,6,6,7
040,3,10,1,19,2,1,3,1,1,1,0,0,0,0,0,0,0,0, ,1,1,1,1,1,6,6,6,7,7,2,4,6,6,4,2,5,4,2,6,2,6,6,6,999,7,7,4,6,6,6,7,6,7,7,7,7,7,6,6,1,6,7,1,6,7,6,6,6,2,2,6,6,6,6,4,7,6,6
041,3,10,1,20,2,1,999,0,0,1,0,0,0,0,0,0,0,0, ,1,1,1,1,1,6,5,7,6,6,1,6,6,6,2,6,6,6,2,6,2,6,1,7,6,4,6,6,2,6,6,2,6,6,7,7,7,6,6,7,1,7,6,6,1,6,1,7,7,7,6,1,6,6,7,1,7,7,1
042,3,999,1,20,2,4,999,1,0,1,0,0,0,0,0,0,0,0, ,1,999,999,999,999,1,6,6,2,6,2,5,1,7,2,2,7,6,2,7,4,6,6,7,4,7,6,6,6,2,6,2,7,7,6,6,7,6,4,7,7,7,6,2,2,6,7,6,6,7,6,2,1,6,7,7,6,6,7
043,3,10,1,19,2,4,3,1,1,1,0,0,0,0,0,0,0,0, ,1,2,11,1,1,6,5,7,7,6,2,7,6,7,6,6,6,6,6,6,2,6,1,7,6,4,6,6,2,6,6,2,6,6,7,7,7,6,6,7,1,7,6,1,6,6,1,7,7,7,6,1,6,6,7,1,7,7,1
044,3,10,1,19,2,2,6,1,1,0,1,1,1,0,0,1,0,0, ,0,2,1,1,1,2,6,7,7,6,2,7,4,7,6,1,6,6,2,2,6,4,2,6,6,7,6,6,4,7,1,4,7,6,7,7,7,6,2,7,6,7,6,7,6,7,2,7,7,6,6,6,6,4,1,7,7,6,6
045,3,9,7,22,2,1,3,1,1,1,0,0,0,0,0,0,0,0, ,0,3,1,2,2,6,2,7,2,6,2,7,4,7,6,7,7,7,6,7,6,7,5,7,6,7,6,7,7,7,6,2,7,6,7,7,7,6,6,7,1,7,5,7,5,7,7,7,6,7,6,6,7,1,7,6,7,7,4
046,3,9,5,999,2,2,4,1,1,0,1,1,0,0,0,0,0,0, ,1,2,11,2,2,5,2,5,5,5,2,5,6,7,3,5,6,6,1,6,999,2,2,4,5,2,5,5,6,5,999,2,6,6,2,2,5,7,2,4,5,5,2,6,4,3,999,4,5,5,2,5,999,4,4,5,2,5,4
047,3,9,7,21,2,4,4,1,1,0,0,0,1,0,0,1,0,0, ,0,2,2,2,2,6,6,7,5,7,4,5,7,6,3,1,2,6,4,6,7,5,7,7,6,4,7,7,5,5,2,2,5,6,2,4,6,7,2,7,5,6,4,2,4,7,3,6,4,2,6,7,6,6,2,5,7,6,7
048,3,9,5,999,2,8,4,1,1,0,0,0,1,0,0,0,1,0, ,1,22,2,2,2,1,7,1,5,6,3,4,5,6,1,5,5,6,2,6,2,2,6,6,6,4,3,2,3,7,6,3,4,5,2,2,5,7,2,4,2,5,3,2,2,4,2,999,5,2,2,4,6,4,5,4,5,6,4
049,3,9,5,999,2,1,4,1,1,1,1,0,0,0,0,0,0,0, ,1,2,1,2,1,5,2,5,5,6,1,5,2,5,1,6,5,2,1,6,999,2,2,4,5,2,5,5,5,6,2,1,2,5,2,2,5,7,2,4,2,5,5,2,2,4,2,4,5,2,2,4,6,4,5,2,4,2,2
050,3,9,5,20,2,11,4,1,1,0,0,1,1,0,0,0,0,0, ,0,999,999,999,999,6,2,1,1,6,2,1,6,6,1,2,6,6,2,1,1,1,2,6,2,2,6,6,6,2,3,2,4,2,2,6,6,6,2,5,4,2,6,1,3,7,6,3,4,3,3,6,6,2,3,4,999,6,6
051,3,9,5,23,2,999,999,1,1,0,1,1,0,0,0,0,0,0, ,1,2,2,2,1,7,1,7,6,7,2,7,7,6,2,6,7,6,2,7,7,7,1,7,7,6,7,7,6,7,7,2,6,4,6,7,7,7,6,6,6,7,6,1,7,7,7,6,6,7,6,5,6,5,5,6,6,7,7
052,3,9,7,22,2,2,4,1,1,0,1,1,0,0,0,0,0,0, ,1,3,1,2,1,7,6,7,5,7,2,7,3,7,1,6,7,7,2,6,5,7,6,7,7,7,7,7,7,7,6,1,7,7,6,7,6,7,7,6,6,7,7,7,6,7,7,6,7,7,7,6,5,5,7,6,6,7,6
053,3,9,7,20,2,3,4,1,1,0,0,1,0,0,1,0,0,0, ,1,1,1,2,1,7,7,7,7,7,1,7,7,6,1,4,6,6,1,6,7,4,7,7,6,5,4,7,7,7,2,1,7,6,2,4,7,7,5,4,2,7,6,2,5,7,7,7,7,7,7,6,7,4,4,7,7,6,5
054,3,9,7,21,2,3,4,1,1,1,1,1,1,0,0,0,0,0, ,1,1,1,1,1,7,7,7,7,6,2,7,7,7,2,5,7,7,2,7,7,7,6,7,7,7,7,7,6,7,6,2,7,2,2,7,7,7,7,6,6,6,6,2,2,7,6,6,6,4,6,6,7,4,4,6,6,7,7
055,3,9,7,23,2,1,4,1,1,1,0,0,0,0,1,0,0,0, ,1,2,1,2,2,3,1,7,4,7,2,6,4,7,1,5,4,5,1,5,4,5,3,5,5,6,5,7,6,7,6,1,7,4,4,7,6,6,3,5,2,7,4,3,3,7,7,7,2,2,6,4,6,5,5,4,7,7,7
056,3,9,7,20,2,2,7,1,1,0,1,1,1,0,0,1,0,0, ,0,2,1,1,1,6,7,7,6,7,2,7,7,7,7,6,5,7,6,4,7,6,5,6,7,7,7,7,7,7,6,4,7,7,7,7,5,7,7,7,2,5,3,4,2,7,7,7,7,7,7,7,7,7,2,4,4,7,7
057,3,9,7,23,2,2,8,1,1,0,1,0,1,1,1,1,0,1,Turkish,0,2,1,1,1,7,7,7,7,7,6,7,7,7,7,4,6,7,6,4,7,4,7,7,5,7,7,7,7,7,5,1,5,7,7,7,5,7,7,7,2,5,2,7,2,7,7,7,7,7,7,7,7,7,2,7,7,7,7
058,3,10,7,22,2,1,4,1,1,1,0,0,0,0,0,1,0,0, ,0,1,1,2,2,2,1,7,4,5,4,6,7,6,6,5,6,6,6,7,5,6,7,7,6,7,6,7,6,7,4,6,7,6,7,7,7,6,4,7,7,7,5,6,2,7,6,6,6,7,5,5,7,5,7,6,7,6,7
059,3,10,7,25,2,10,3,1,1,0,0,0,0,0,1,0,0,0, ,1,2,1,1,2,2,4,6,2,6,6,6,4,6,6,5,6,5,6,6,6,4,7,5,6,7,6,7,6,7,7,2,6,7,6,7,7,4,5,6,2,6,5,6,4,7,5,6,5,6,7,7,6,6,6,6,7,6,4
060,3,10,7,25,2,10,3,1,1,0,0,0,0,0,1,0,0,0, ,1,1,1,1,2,1,2,7,7,6,7,6,7,7,7,6,5,7,7,3,6,7,7,7,7,7,7,6,3,6,1,7,6,7,7,7,7,7,4,7,7,7,7,7,3,7,7,7,7,7,7,7,7,4,5,7,7,7,7
061,3,10,7,22,2,10,3,1,1,0,0,0,0,0,1,0,0,0, ,1,2,1,1,2,1,4,7,7,7,7,6,7,7,7,6,5,7,7,3,7,1,7,7,7,7,7,7,2,7,3,7,7,7,7,7,7,7,5,7,7,7,5,7,1,7,7,7,7,7,7,7,7,5,5,7,7,7,7
062,3,10,7,21,2,1,3,1,1,1,0,0,0,0,0,0,0,0, ,0,2,1,1,1,4,7,6,4,6,5,3,4,6,5,4,3,4,6,4,6,2,2,6,3,4,6,2,2,6,2,5,4,6,4,4,4,6,4,6,1,4,5,5,2,4,4,999,3,4,4,2,4,4,4,6,4,4,4
063,3,10,7,20,2,2,3,1,1,0,1,0,0,0,0,0,0,0, ,0,2,1,2,1,2,5,7,4,4,2,4,4,6,5,4,6,4,5,4,3,2,4,4,5,7,6,7,6,6,4,7,6,4,7,4,4,4,3,7,1,4,4,2,4,4,6,7,4,4,4,4,6,3,4,7,7,6,4
064,3,10,7,21,2,12,3,1,1,1,0,0,0,1,0,0,0,1,Jaffarkii,1,2,1,1,1,4,5,6,4,6,3,5,6,6,5,4,3,6,6,6,6,6,5,6,5,6,6,6,3,6,2,5,6,6,6,6,6,6,6,6,2,5,5,4,2,6,4,4,6,5,5,5,6,6,4,4,4,4,4
065,3,10,7,22,2,8,4,1,1,0,0,0,0,0,0,1,1,0, ,1,2,2,3,2,1,6,7,4,1,7,4,6,7,7,5,2,5,7,6,6,6,7,3,6,6,6,6,6,6,2,7,2,3,5,7,7,7,7,1,6,7,6,1,1,3,1,7,1,5,1,6,6,6,7,6,1,1,7
066,3,10,7,22,2,2,3,1,1,0,1,0,0,0,0,0,0,0, ,0,3,2,1,1,1,4,7,5,7,1,7,4,7,6,3,7,7,6,7,7,5,6,999,7,6,6,7,7,7,6,1,5,5,5,7,7,7,7,7,5,6,7,7,7,6,999,6,5,7,7,6,7,999,5,7,999,6,7
067,3,10,7,22,2,5,3,1,1,0,0,0,0,0,0,1,0,0, ,1,2,2,2,2,1,6,7,5,7,6,7,4,7,7,6,1,7,6,7,7,5,6,7,6,6,7,7,6,7,7,7,7,7,5,7,7,7,7,7,2,7,6,6,1,7,7,7,6,1,7,7,7,2,6,7,7,7,4
068,3,10,7,22,2,2,4,1,1,0,1,0,1,1,0,0,0,0, ,0,2,2,2,2,1,7,7,4,6,7,4,6,7,7,5,6,4,6,6,6,6,7,4,6,6,6,6,6,6,2,3,7,6,5,7,7,7,2,6,1,7,6,2,1,6,6,7,5,6,6,6,6,5,7,6,6,7,7
069,3,10,7,22,2,1,3,1,1,1,0,0,0,0,0,0,0,0, ,1,2,1,2,2,2,4,7,6,2,6,7,7,7,7,6,6,7,7,3,7,7,6,6,6,7,6,7,5,6,6,2,6,7,7,7,6,4,7,6,5,6,6,7,1,6,6,7,7,7,6,6,6,5,6,7,7,6,5
070,3,11,1,19,2,6,3,1,1,0,0,0,0,0,1,0,0,0, ,1,2,1,1,3,1,7,7,6,7,5,7,7,7,6,5,7,7,6,6,6,3,6,6,6,5,5,6,7,6,5,6,6,7,6,6,7,6,2,7,2,7,3,5,1,7,6,7,6,6,6,6,6,6,5,6,7,6,7
071,3,10,7,22,2,1,3,1,1,1,0,0,0,0,0,0,0,0, ,1,2,1,2,2,2,3,7,3,2,3,7,6,7,7,6,7,7,7,3,6,7,7,6,6,7,6,6,5,6,7,7,6,7,7,7,6,5,5,6,6,7,6,7,6,6,5,6,6,7,5,7,7,3,6,6,7,6,5
072,3,10,7,21,2,1,4,1,1,1,0,0,0,0,0,1,0,0, ,1,2,2,3,2,6,6,7,6,6,3,6,3,4,3,4,6,6,2,5,5,5,5,5,6,6,5,1,4,5,4,4,5,6,6,6,5,6,6,4,5,1,6,4,4,6,5,6,5,6,5,2,6,5,5,4,6,6,4
073,3,11,1,21,2,6,4,1,1,0,0,0,0,0,1,0,0,1,Korean,1,2,2,2,2,1,4,5,3,4,2,4,999,6,6,2,1,6,6,3,5,1,6,6,4,6,7,7,6,6,3,4,6,7,7,6,7,7,2,7,4,6,4,6,2,7,1,4,4,1,6,6,7,5,3,6,6,7,4
074,3,10,7,21,2,4,2,1,1,0,0,0,0,0,0,0,0,0, ,0,3,2,2,1,2,2,3,4,4,4,4,5,5,3,4,3,4,5,3,5,4,4,3,3,5,6,6,4,4,4,5,4,4,4,5,5,5,4,5,3,4,4,3,3,3,4,4,5,4,5,5,5,4,2,4,3,5,4
075,3,10,7,20,2,6,7,1,1,1,1,1,1,0,1,0,0,0, ,0,2,1,2,2,1,6,7,4,4,7,5,5,7,7,1,5,7,7,7,6,1,1,7,4,7,4,7,3,6,6,6,7,6,6,7,6,7,2,4,1,7,7,7,1,1,6,7,1,2,4,4,7,1,6,6,7,7,1
076,3,10,7,20,2,1,6,1,1,1,1,1,0,0,1,0,0,0, ,0,2,1,2,2,1,6,7,4,4,6,2,6,7,2,1,4,6,2,7,6,2,7,6,6,6,1,7,4,6,6,2,7,7,6,7,6,7,1,6,1,6,7,4,1,6,6,6,1,2,4,6,7,2,6,4,7,6,1
077,3,10,7,20,2,4,3,1,11,0,0,0,0,0,0,0,1,0, ,0,2,1,1,1,4,3,1,6,6,4,6,4,1,6,2,4,2,4,4,1,2,1,4,4,4,6,1,3,1,4,7,4,1,4,3,4,1,2,1,2,3,6,3,5,6,1,6,4,6,6,5,6,2,4,4,1,1,2
078,3,10,7,21,2,12,7,1,1,0,1,0,0,1,0,1,1,1,Jaffarkii,1,2,2,2,2,2,4,7,7,6,3,6,4,6,5,6,2,4,6,5,2,4,6,4,5,7,7,7,6,7,5,6,7,6,6,6,7,7,6,7,2,7,4,6,1,4,1,6,6,6,6,4,5,4,4,6,6,6,2
079,3,10,7,22,2,1,3,1,1,1,0,0,0,0,0,0,0,0, ,0,2,2,1,2,2,6,6,5,5,2,7,7,7,6,5,6,5,6,7,5,6,7,7,6,7,7,6,6,7,5,6,6,7,7,7,7,7,5,7,7,7,5,7,1,7,4,999,3,6,5,6,7,6,2,7,5,7,4
080,2,3,4,20,1,2,5,1,1,0,1,1,1,0,0,0,0,0, ,1,2,2,3,3,6,7,7,4,6,3,6,5,7,7,1,1,4,7,2,7,2,7,4,2,2,6,7,2,4,1,6,1,7,7,5,6,2,4,7,5,6,2,6,2,5,2,6,5,3,6,6,6,4,1,7,7,6,2
081,2,3,4,19,1,8,4,1,1,1,0,0,0,0,0,0,1,0, ,1,2,1,1,1,2,1,1,2,7,2,1,7,1,7,1,1,7,4,1,2,1,4,1,1,1,1,1,1,7,1,7,1,1,2,2,2,1,1,1,1,1,1,4,1,1,1,1,1,1,1,4,1,1,1,4,2,4,1
082,2,3,4,22,2,1,3,1,1,1,0,0,0,0,0,0,0,0, ,0,2,2,2,2,1,6,7,5,6,3,5,4,6,6,4,5,6,7,6,6,4,6,4,5,6,4,6,6,7,5,3,6,6,6,6,7,5,4,5,4,5,4,7,3,5,3,6,4,4,5,5,6,3,4,6,4,6,2
083,2,3,4,21,1,1,3,1,1,1,0,0,0,0,0,0,0,0, ,0,3,1,1,1,6,5,5,5,5,7,5,4,7,2,6,4,6,2,2,5,6,7,6,5,6,7,7,7,6,6,2,6,6,6,7,6,6,6,7,7,7,6,7,5,7,5,6,5,5,5,4,6,6,7,6,7,7,7
084,2,3,4,22,1,1,3,1,1,11,0,0,0,0,0,0,0,0, ,1,3,3,3,3,1,1,7,6,1,7,4,4,5,7,6,1,4,7,1,6,1,7,4,4,6,6,7,6,7,7,1,1,4,6,4,4,6,4,6,6,7,7,7,1,6,1,6,1,1,1,4,6,4,1,6,7,7,4
085,2,3,4,999,2,5,3,1,1,0,0,0,0,0,0,1,0,0, ,0,2,2,2,2,2,4,1,2,6,4,5,5,6,6,5,6,5,6,4,6,2,6,2,2,6,6,6,6,6,5,6,5,6,6,6,4,6,5,6,1,2,5,6,1,6,5,4,6,5,4,2,6,4,4,6,6,6,6
086,2,3,4,21,1,5,3,1,1,0,0,0,0,0,0,1,0,0, ,1,3,3,3,2,1,4,6,6,6,6,1,2,4,4,3,1,2,4,5,2,2,4,4,5,5,3,6,6,4,6,2,2,3,4,5,5,6,4,2,2,6,6,4,2,6,5,4,2,6,2,4,6,4,6,4,6,6,4
087,2,3,4,19,2,4,2,1,1,0,0,0,0,0,0,0,0,0, ,0,2,2,2,2,2,7,6,6,2,4,6,5,4,2,5,2,6,5,5,6,4,7,7,4,7,5,6,6,7,5,4,6,7,4,6,7,7,2,7,6,7,5,7,3,7,2,6,4,3,5,6,6,4,5,7,6,5,4
088,2,3,4,21,2,5,3,1,1,0,0,0,0,0,0,1,0,0, ,0,2,1,2,2,6,5,6,5,6,6,5,6,4,6,6,7,7,6,6,6,5,7,7,7,5,7,7,3,7,3,6,7,7,7,7,4,7,4,7,5,6,6,7,6,6,7,7,5,7,7,7,7,7,6,7,7,7,7
089,2,3,4,20,1,2,4,1,1,0,1,1,0,0,0,0,0,0, ,1,2,2,2,1,1,6,7,6,7,4,6,5,2,6,2,4,7,7,5,6,5,7,7,1,4,7,7,7,7,1,2,5,6,1,3,5,5,3,6,4,5,4,1,1,7,6,6,5,4,4,6,7,1,1,2,5,5,6
090,2,3,4,22,1,2,3,1,1,0,1,0,0,0,0,0,0,0, ,1,2,2,2,2,4,7,6,6,7,5,7,6,7,7,1,6,7,5,1,7,2,7,6,3,6,7,5,4,4,2,5,6,6,6,7,6,7,3,7,1,6,2,3,4,7,6,5,4,6,6,6,6,1,6,6,7,7,7
091,2,3,4,23,1,1,3,1,1,1,0,0,0,0,0,0,0,0, ,0,3,2,2,3,1,6,7,5,7,4,6,6,7,3,7,6,5,7,2,5,3,6,5,1,1,4,6,2,6,5,1,6,5,5,5,3,6,6,6,3,4,4,4,1,6,1,3,4,4,4,5,4,1,4,6,6,6,4
092,2,3,4,19,2,5,3,1,1,0,0,0,0,0,0,1,0,0, ,1,2,1,2,2,3,6,4,6,2,6,4,2,6,5,5,2,6,6,1,6,1,6,1,1,4,4,5,6,7,4,4,2,4,6,6,4,6,6,6,1,4,6,6,1,4,5,2,6,4,1,6,5,4,3,6,4,7,4
093,2,3,4,20,1,3,4,1,1,0,1,1,0,0,0,0,0,0, ,0,3,2,2,1,6,7,5,4,1,4,3,1,5,4,6,7,6,3,1,4,5,7,5,4,6,6,6,5,7,7,1,5,4,6,6,6,7,6,7,4,6,5,6,4,6,1,4,5,5,6,5,6,5,6,4,6,5,5
094,2,3,4,19,1,1,4,1,1,1,0,1,0,0,0,0,0,0, ,1,2,2,2,2,7,7,1,5,7,1,6,6,5,4,1,6,6,3,6,2,6,7,7,7,3,6,2,4,2,4,2,7,6,6,6,2,6,4,2,7,7,4,2,2,7,2,7,2,6,6,7,7,7,2,4,7,7,7
095,2,3,4,20,1,4,4,1,1,1,0,0,0,0,0,0,1,0, ,0,2,1,1,1,2,6,6,5,2,2,4,6,6,6,4,2,6,4,2,6,6,7,5,2,6,4,6,4,5,4,6,2,2,4,6,5,5,5,6,4,4,2,2,2,7,2,4,4,2,4,7,6,2,3,4,6,5,6
096,2,3,4,22,1,4,2,1,1,0,0,0,0,0,0,0,0,0, ,0,2,1,1,2,2,6,7,5,4,2,4,3,6,6,4,2,2,6,3,6,2,7,2,2,6,6,6,5,6,3,6,6,6,6,6,7,4,2,6,2,6,2,5,2,6,2,4,5,6,5,7,2,3,2,7,6,6,4
097,2,3,4,19,2,5,3,1,1,0,0,0,0,0,0,1,0,0, ,1,2,2,2,2,3,1,6,4,2,5,4,3,5,3,6,3,4,2,4,5,4,4,4,2,1,1,6,2,6,4,7,4,6,2,6,4,5,2,4,4,6,2,4,4,7,4,2,6,3,6,4,2,4,1,6,4,7,1
098,2,3,4,20,1,7,5,1,1,1,0,0,0,1,0,1,0,0, ,1,2,1,2,2,1,7,7,5,5,4,4,7,7,6,4,6,7,2,7,7,5,5,6,7,4,7,7,6,5,2,1,7,7,3,7,7,7,1,7,5,7,6,6,1,7,7,7,7,4,7,7,7,6,2,5,7,7,6
099,2,3,4,22,1,6,3,1,1,0,0,0,0,0,1,0,0,0, ,1,2,2,3,2,5,2,6,4,1,1,4,7,6,7,4,1,6,7,4,4,2,5,5,4,6,3,6,1,7,5,5,3,5,4,6,7,4,5,6,4,7,6,7,1,7,1,7,6,7,6,4,7,5,5,6,7,6,4
100,2,3,4,20,1,1,4,1,11,1,0,0,0,1,0,0,0,0, ,0,3,2,3,3,6,2,6,2,2,2,6,2,6,2,6,6,2,2,6,2,2,2,6,2,2,2,6,6,6,6,2,6,2,999,2,999,6,999,6,999,2,999,2,999,6,999,6,999,6,999,2,6,6,2,6,6,6,6
101,2,3,4,20,1,1,3,1,1,1,0,0,0,0,0,0,0,0, ,1,2,1,2,1,5,4,7,4,2,5,3,6,6,2,1,4,6,4,4,4,3,4,3,3,6,6,7,3,6,2,7,4,5,5,3,5,4,2,5,5,5,3,3,4,7,5,4,2,3,4,4,6,5,1,5,4,7,7
102,2,3,4,22,1,1,3,1,1,1,0,0,0,0,0,0,0,0, ,1,3,1,2,3,6,7,7,6,1,4,4,4,6,3,6,4,6,2,5,6,6,7,7,6,5,5,6,3,5,5,4,2,1,4,6,3,3,7,6,7,6,5,6,6,5,6,5,7,6,6,6,6,7,4,6,6,1,3
103,2,3,4,20,1,1,4,1,1,1,0,0,0,0,0,0,1,0, ,1,3,2,2,3,6,5,7,7,5,4,7,7,7,1,7,7,7,2,7,6,5,7,7,6,5,7,7,7,7,7,2,5,6,6,5,7,6,7,7,6,7,6,5,6,7,5,6,5,7,6,7,7,6,7,7,6,7,6
104,2,3,4,20,2,5,3,1,1,0,0,0,0,0,0,1,0,0, ,1,3,1,2,2,4,2,5,5,3,3,6,6,5,4,6,4,5,3,6,6,3,6,5,4,4,5,7,6,7,3,4,6,7,4,6,7,6,6,7,3,7,6,4,1,5,4,6,5,4,5,5,5,4,6,4,7,7,4
105,2,3,4,19,1,2,4,1,1,0,1,0,1,0,0,0,0,0, ,1,3,2,2,3,1,2,7,7,5,1,6,5,7,3,6,5,6,5,6,2,3,2,5,6,6,6,2,5,999,3,1,6,6,6,6,6,7,4,2,1,6,6,2,4,6,7,6,6,5,4,5,5,3,7,6,6,6,4
106,2,3,4,21,1,1,3,1,1,1,0,0,0,0,0,0,0,0, ,1,3,2,1,3,7,6,7,5,6,1,7,7,7,1,6,7,7,1,6,7,2,6,7,6,2,6,7,7,7,3,2,7,6,2,7,7,7,6,7,5,7,7,6,7,7,7,7,7,7,7,2,7,2,7,7,6,7,5
107,2,3,4,21,1,5,3,1,1,0,0,0,0,0,0,1,0,0, ,1,3,1,3,3,7,6,6,5,7,1,7,6,7,1,6,7,7,2,7,5,7,7,6,7,7,7,7,6,7,5,1,7,7,7,7,5,7,5,5,6,7,6,6,1,6,7,6,7,7,7,7,7,7,6,6,7,7,7
108,2,3,4,20,1,1,3,1,1,1,0,0,0,0,0,0,0,0, ,1,3,2,2,3,7,4,7,7,7,3,7,6,7,3,7,7,4,3,7,7,7,7,6,7,7,6,7,6,7,7,1,7,7,6,7,7,6,7,7,4,6,6,5,7,5,7,7,6,5,6,6,7,5,5,7,6,6,5
109,2,4,4,22,1,1,3,1,1,1,0,0,0,0,0,0,0,0, ,1,2,2,2,2,6,6,6,6,7,3,6,6,7,1,6,4,5,1,1,5,5,6,5,6,5,7,7,6,6,6,3,6,6,7,7,6,6,6,7,5,6,6,5,6,7,5,6,5,6,6,6,7,2,6,6,6,7,7
110,2,4,4,20,1,1,3,1,1,1,0,0,0,0,0,0,0,0, ,0,1,2,1,2,6,4,6,6,6,2,7,7,7,2,6,2,4,2,2,7,4,2,6,6,4,7,6,4,6,6,1,7,2,7,7,7,7,7,7,2,7,7,2,2,7,2,7,7,7,6,2,6,2,2,2,6,7,7
111,2,4,4,22,1,1,3,1,1,1,0,0,0,0,0,0,0,0, ,0,2,1,1,1,7,3,7,7,6,1,7,6,6,2,7,4,7,2,7,7,6,5,7,6,6,5,7,6,6,4,3,6,4,2,6,7,7,4,6,2,6,4,2,2,7,5,7,6,6,7,6,7,6,4,6,7,7,6
112,2,4,4,21,1,1,3,1,1,1,0,0,0,0,0,0,0,0, ,999,3,1,1,2,7,6,7,7,7,4,7,6,7,2,6,6,7,1,7,6,7,5,6,7,4,6,7,5,7,6,1,7,7,5,7,7,7,7,6,2,7,5,2,5,7,5,6,7,7,7,5,7,7,5,7,7,7,5
113,2,4,4,19,1,2,7,1,1,1,1,1,0,0,1,1,0,0, ,0,3,2,3,2,3,5,6,3,2,2,3,4,6,7,4,2,3,5,7,6,3,7,4,6,6,4,7,3,4,3,6,7,1,6,5,4,6,2,5,5,6,1,7,1,6,4,6,3,5,2,3,5,1,4,6,6,6,5
114,2,4,4,24,1,999,5,1,1,1,0,0,0,1,0,1,0,0, ,0,3,3,2,1,7,5,6,6,6,3,6,6,7,2,6,5,6,2,6,2,7,6,2,6,6,6,6,6,6,6,2,5,6,6,6,6,5,5,6,5,6,5,5,6,5,6,6,6,5,6,2,6,6,6,6,6,6,6
115,2,4,4,20,1,1,3,1,1,1,0,0,0,0,0,0,0,0, ,0,2,2,1,3,6,2,7,6,2,1,4,4,6,1,4,3,4,2,4,6,1,5,7,2,5,4,6,1,6,5,6,5,4,1,7,3,6,3,4,1,4,1,7,1,7,6,7,3,5,7,3,999,6,5,1,2,5,6
116,2,4,4,21,1,1,3,1,1,1,0,0,0,0,0,0,0,0, ,0,3,2,2,2,5,4,6,6,4,4,6,6,5,4,7,7,6,2,4,7,4,4,7,7,6,6,7,5,7,7,2,5,7,4,7,5,7,7,7,1,7,6,2,1,7,5,7,7,5,7,6,7,7,6,5,7,7,5
117,2,4,4,22,1,1,3,1,1,1,0,0,0,0,0,0,0,0, ,0,22,11,2,2,6,1,7,7,1,1,7,7,7,7,2,1,7,7,2,7,2,1,7,2,5,2,7,5,4,2,1,7,7,3,7,3,7,2,7,1,4,1,7,1,7,4,7,3,5,3,7,7,5,2,4,7,7,5
118,2,4,4,20,1,4,3,1,1,1,0,0,0,0,0,0,0,0, ,0,3,2,2,3,5,2,6,7,7,6,5,4,7,7,6,2,6,1,6,5,5,5,5,7,6,7,7,7,6,4,2,7,7,2,6,6,7,5,7,4,7,6,2,2,4,4,6,6,6,6,2,5,5,6,2,7,6,5
119,2,4,4,21,1,1,3,1,1,11,0,0,0,0,0,0,0,0, ,999,3,2,2,3,6,1,5,6,6,1,6,2,6,1,6,2,6,1,2,6,1,1,7,2,2,7,7,2,7,6,1,7,6,1,6,6,7,7,7,1,7,7,1,1,6,1,7,6,2,6,2,6,5,6,2,7,7,1
120,2,4,4,21,1,1,3,1,1,1,0,0,0,0,0,0,0,0, ,0,3,2,2,3,2,4,7,6,7,1,7,7,7,7,7,1,7,7,1,7,1,7,1,1,7,7,7,7,7,7,1,7,7,6,1,7,6,5,7,1,7,1,6,2,6,5,7,6,5,7,7,6,7,7,4,7,7,6
121,2,4,4,21,1,1,3,1,1,1,0,0,0,0,0,0,0,0, ,0,3,2,2,2,1,1,7,7,6,2,6,2,6,2,2,6,6,1,6,6,1,6,6,7,2,2,6,7,6,6,6,7,7,2,6,7,7,6,6,2,6,2,1,6,6,6,6,2,6,6,6,6,7,6,6,6,2,2
122,2,4,4,19,1,1,5,1,1,1,0,1,0,0,1,0,0,0, ,0,1,2,2,1,7,6,7,1,3,4,6,7,7,1,1,7,7,4,7,5,6,7,7,7,1,7,7,7,1,1,2,7,6,1,5,7,7,4,7,7,6,3,1,1,7,5,4,1,4,3,3,7,6,1,1,7,6,5
123,2,4,4,19,1,1,3,1,1,1,0,0,0,0,0,0,0,0, ,0,3,2,2,2,6,1,7,7,7,1,7,1,7,2,7,2,1,6,6,4,5,1,6,6,1,7,7,5,7,7,3,5,7,5,7,6,7,6,7,1,7,6,7,1,1,5,7,7,7,5,1,7,7,5,7,7,6,1
124,2,4,4,20,1,1,3,1,1,1,0,0,0,0,0,0,0,0, ,1,2,1,1,2,7,2,7,7,7,2,7,6,6,1,2,7,7,2,6,6,6,6,6,7,6,7,7,6,7,2,1,7,2,2,6,6,6,6,7,2,7,6,2,2,2,6,6,6,7,7,6,6,5,6,6,6,7,7
125,2,4,4,19,1,1,3,1,1,1,0,0,0,0,0,0,0,0, ,1,2,1,2,2,6,1,7,5,6,1,5,2,7,1,1,1,2,1,5,4,1,5,2,5,3,6,7,2,7,2,2,7,6,1,7,7,6,5,7,2,7,5,1,1,4,5,6,6,5,6,2,7,5,5,6,7,7,1
126,2,4,4,20,1,1,3,1,1,1,0,0,0,0,0,0,0,0, ,0,3,2,2,2,7,4,5,6,7,1,7,5,7,1,5,6,5,3,7,7,5,4,7,7,7,5,7,5,7,1,1,7,7,3,7,7,7,6,7,3,7,7,1,1,7,3,7,7,7,6,3,7,5,5,7,7,7,5
127,2,4,4,21,1,1,4,1,1,1,0,0,0,0,0,0,0,1,Kohistani,1,3,2,2,2,7,6,7,6,7,4,6,5,7,1,4,6,7,6,7,7,4,5,7,7,6,7,7,2,7,5,5,7,7,5,7,7,7,2,7,7,7,4,7,7,7,6,7,7,7,7,7,7,7,7,6,7,7,7
128,2,4,4,20,1,1,3,1,1,1,0,0,0,0,0,0,0,0, ,1,3,2,1,2,1,2,7,4,7,1,1,4,7,1,1,1,6,2,7,1,5,7,4,1,2,5,7,5,7,2,2,4,2,1,6,2,3,2,4,2,6,2,1,1,6,2,4,4,5,4,2,6,4,3,6,7,6,1
129,2,4,4,21,1,1,3,1,1,1,0,0,0,0,0,0,0,0, ,0,2,2,2,2,4,2,6,7,5,4,7,6,6,6,5,7,6,5,6,6,6,6,6,6,6,6,7,7,7,6,2,6,7,6,6,7,7,6,7,6,7,6,7,6,7,5,6,7,6,7,6,7,7,7,6,7,7,7
130,2,4,4,20,1,1,4,1,1,1,0,0,0,0,0,0,0,1,Arabic,0,3,2,2,1,2,1,6,6,7,2,7,7,6,6,6,7,7,2,6,7,7,2,7,6,6,7,7,6,5,6,2,7,6,6,6,6,999,6,6,6,7,7,7,6,7,7,6,7,6,7,3,6,6,7,6,6,7,7
131,2,4,4,21,1,1,3,1,1,1,0,0,0,0,0,0,0,0, ,1,2,2,2,2,7,6,7,7,7,2,7,6,7,4,7,6,7,2,7,5,7,7,7,7,7,7,7,7,7,6,1,7,7,6,7,7,7,7,7,6,7,7,7,6,7,6,7,7,7,7,7,7,7,6,7,7,7,6
132,2,4,4,21,1,1,3,1,1,1,0,0,0,0,0,0,0,0, ,0,3,2,2,2,3,6,7,7,6,2,6,7,7,7,4,5,5,6,4,6,5,7,6,5,7,7,7,6,6,3,3,5,6,6,5,6,7,7,7,3,7,5,7,2,6,5,7,7,6,7,4,6,6,5,6,7,7,4
133,2,4,4,20,1,1,3,1,1,1,0,0,0,0,0,0,0,0, ,1,2,1,3,3,7,5,6,6,6,3,6,6,7,2,5,5,6,2,5,6,5,7,7,5,5,6,6,5,6,6,2,6,7,5,6,7,6,6,7,5,7,6,6,5,5,5,6,5,5,6,6,6,6,6,6,5,5,5
134,2,4,4,21,1,1,3,1,1,1,0,0,0,0,0,0,0,0, ,0,2,2,2,3,6,7,7,6,7,2,7,7,7,3,7,6,7,1,7,7,7,6,7,6,7,7,7,7,7,7,3,7,7,6,7,7,7,6,7,7,7,7,5,5,7,6,7,6,7,6,5,7,2,7,5,7,7,6
135,2,4,4,19,1,1,3,1,1,1,0,0,0,0,0,0,0,0, ,1,2,2,2,1,4,3,7,6,6,3,6,7,7,5,5,7,7,5,6,6,5,7,7,6,7,7,7,6,6,5,4,5,6,6,6,5,7,4,6,7,7,5,7,1,7,5,7,6,6,4,6,7,7,5,7,7,7,6
136,2,4,4,22,1,1,3,1,1,1,0,0,0,0,0,0,0,0, ,1,1,1,2,2,1,6,6,7,1,1,5,5,7,6,3,5,6,6,7,5,6,7,5,6,7,7,7,6,5,2,3,7,5,6,7,7,7,7,7,5,7,3,1,3,7,7,7,7,5,6,6,6,7,4,7,7,7,5
137,2,4,2,19,1,2,3,1,1,0,1,0,0,0,0,0,0,0, ,1,2,2,2,2,7,6,7,6,6,3,6,5,6,3,7,5,7,1,7,6,5,7,7,7,6,5,7,2,7,6,1,7,6,7,7,6,5,7,6,2,6,5,4,3,7,6,6,6,4,4,6,7,6,6,6,5,6,7
138,2,4,2,20,1,7,5,1,1,1,0,0,0,1,0,1,0,0, ,0,3,2,2,2,7,1,7,5,7,1,5,3,6,1,3,6,4,4,6,6,5,5,3,5,1,7,7,4,5,3,5,6,5,3,6,4,7,5,5,1,4,6,3,2,4,6,4,5,5,5,5,4,5,4,4,6,7,1
139,2,4,2,20,1,3,6,1,1,0,1,1,1,1,0,0,0,0, ,1,3,2,2,2,6,1,6,4,6,1,5,3,6,1,6,7,6,2,7,2,6,5,7,6,2,6,7,2,7,2,2,1,6,2,7,6,6,5,5,6,6,3,2,6,6,6,6,6,6,6,2,6,6,2,2,6,6,3
140,2,4,2,20,1,1,3,1,1,1,0,0,0,0,0,0,0,0, ,1,1,1,2,3,4,6,7,5,6,2,4,5,4,6,2,2,4,4,3,6,1,5,5,2,7,6,7,4,6,4,6,1,4,6,4,4,7,6,7,4,4,4,7,2,6,4,4,7,4,4,6,7,6,4,5,6,7,6
141,2,4,2,20,1,1,5,1,1,1,0,0,0,1,0,0,1,0, ,0,3,2,2,2,2,3,1,2,5,1,4,5,4,2,4,3,5,2,4,5,3,6,999,5,4,6,5,3,4,2,2,5,4,3,2,3,5,4,4,3,5,5,1,5,5,999,3,6,4,4,4,5,4,5,6,6,5,5
142,2,4,2,20,1,1,3,1,1,1,0,0,0,0,0,0,0,0, ,0,3,3,2,2,5,5,1,1,5,1,7,7,7,7,2,7,7,6,5,7,5,4,5,4,6,7,5,7,7,5,1,7,1,6,7,7,7,7,7,7,7,5,7,4,7,7,7,7,7,7,5,7,4,4,4,7,7,4
143,2,4,2,20,1,2,3,1,1,0,1,0,0,0,0,0,0,0, ,1,1,2,3,3,4,5,3,2,1,6,4,3,5,2,2,5,2,6,7,5,3,3,7,5,7,7,7,7,7,1,7,7,1,6,6,7,6,7,7,7,4,5,7,4,7,7,7,7,6,7,5,7,4,4,4,6,7,1
144,2,4,2,19,1,1,3,1,1,1,0,0,0,0,0,0,0,0, ,0,3,2,1,2,7,6,7,7,7,4,7,7,7,6,7,7,6,4,7,4,7,5,7,7,7,4,7,7,7,4,4,7,7,5,7,7,7,5,7,7,4,7,7,4,7,6,7,7,7,6,6,7,6,7,4,7,7,1
145,2,4,2,22,1,1,3,1,1,1,0,0,0,0,0,0,0,0, ,0,2,1,1,2,7,6,7,6,7,4,7,7,7,2,7,6,7,2,4,6,7,7,7,6,6,7,7,4,7,6,1,7,3,2,7,7,7,7,7,6,5,7,1,2,7,6,6,7,6,5,6,7,6,6,7,7,6,7
146,2,4,2,19,1,11,3,1,1,0,0,0,1,0,0,0,0,0, ,1,3,1,1,3,1,2,7,6,6,4,6,4,6,2,4,6,6,2,4,5,6,7,6,4,2,6,6,7,6,4,3,6,6,2,4,6,6,7,7,6,2,4,4,5,4,5,999,2,3,4,6,4,4,5,4,7,4,4
147,2,4,2,19,1,1,3,1,1,1,0,0,0,0,0,0,0,0, ,0,3,2,2,3,6,4,6,5,6,3,7,5,6,5,2,6,6,7,4,6,5,3,5,6,5,6,7,6,5,4,5,6,3,5,7,7,5,2,6,2,6,5,6,3,6,1,6,7,6,6,7,6,2,6,5,7,7,5
148,2,4,2,19,1,2,4,1,1,0,1,0,1,0,0,0,0,0, ,1,2,1,2,2,6,7,6,4,3,4,7,6,6,1,6,6,1,1,6,6,5,7,7,7,6,2,7,5,4,5,1,6,7,6,5,4,6,6,6,5,7,4,1,5,7,6,7,7,4,6,6,7,2,5,6,7,7,4
149,2,4,2,19,1,3,5,1,1,1,0,1,0,0,1,0,0,0, ,0,3,2,2,3,2,3,6,5,6,2,4,3,4,4,5,4,2,4,5,2,2,7,3,4,5,6,5,4,4,2,4,4,6,5,5,4,5,5,4,2,4,3,4,4,5,2,5,5,5,5,6,5,2,5,2,2,4,2
150,2,4,2,20,1,1,3,1,1,1,0,0,0,0,0,0,0,0, ,0,3,1,2,2,2,1,7,2,6,1,6,1,6,4,6,7,5,2,7,2,6,1,6,6,5,7,6,7,5,7,6,7,4,2,6,6,5,1,6,7,7,6,2,1,6,3,6,7,6,7,2,6,1,6,6,7,7,5
151,2,4,2,20,1,1,3,1,1,1,0,0,0,0,0,0,0,0, ,1,2,1,2,2,6,7,7,6,6,4,7,7,7,2,7,7,1,2,7,7,7,7,7,7,6,7,7,6,6,7,4,7,7,7,7,7,5,6,7,5,6,7,7,5,7,6,6,7,6,7,1,6,4,6,2,7,7,6
152,2,4,2,19,1,2,3,1,1,0,1,0,0,0,0,0,0,0, ,0,2,2,2,2,7,7,7,6,7,1,6,7,7,1,7,7,7,1,7,7,7,7,7,7,6,6,7,7,7,6,1,7,7,7,7,6,7,1,6,6,7,6,7,6,7,7,7,6,7,7,7,7,6,1,1,7,7,7
153,2,4,2,19,1,1,5,1,1,1,0,0,0,1,0,0,0,1,Tareeno,0,1,1,2,1,6,7,7,7,6,2,7,7,7,4,1,7,7,7,7,7,999,4,7,999,6,7,7,7,7,2,4,7,7,7,7,7,7,7,7,7,7,4,7,7,7,4,7,7,7,7,7,7,7,4,7,7,7,7
154,2,4,2,21,1,1,3,1,1,1,0,0,0,0,0,0,0,0, ,1,1,1,2,2,6,3,7,5,6,3,7,7,7,2,5,7,7,1,6,6,7,7,7,5,7,6,7,5,6,5,3,7,6,5,6,6,6,5,7,5,7,5,6,6,7,7,7,5,6,7,6,7,5,5,5,5,6,6
155,2,4,2,20,1,1,3,1,1,1,0,0,0,0,0,0,0,0, ,1,2,1,1,3,7,6,7,7,7,4,6,7,6,1,1,4,7,2,7,6,7,6,7,4,6,7,7,6,7,5,1,7,6,6,6,6,6,6,7,6,7,5,1,2,7,5,6,6,7,7,6,7,6,5,6,6,7,7
156,2,4,2,19,1,2,3,1,1,0,1,0,0,0,0,0,0,0, ,1,2,2,2,2,6,7,7,7,6,7,7,6,6,4,1,6,4,7,1,6,4,7,7,6,7,7,7,7,4,4,2,7,7,7,7,7,7,6,7,5,7,4,7,4,6,5,7,6,6,7,7,7,4,5,7,7,7,7
157,1,1,1,23,1,2,4,1,1,0,1,1,0,0,0,0,0,0, ,1,2,2,3,3,5,2,4,5,5,2,2,2,4,5,4,3,3,4,4,4,3,6,3,3,5,5,5,4,4,3,4,3,4,2,3,4,3,4,3,5,3,5,3,5,3,5,6,3,4,6,6,6,6,6,5,4,5,4
158,1,1,1,23,1,1,3,1,1,1,0,0,0,0,0,0,0,0, ,1,2,1,1,2,7,4,6,5,5,1,7,6,7,2,6,4,6,2,6,6,2,4,5,6,6,7,7,6,6,5,3,7,7,3,5,999,5,6,5,3,6,3,3,7,999,5,6,6,5,6,4,6,6,6,3,5,7,5
159,1,1,1,22,1,2,3,1,1,0,1,0,0,0,0,0,0,0, ,0,3,2,2,1,6,4,7,6,6,4,6,6,7,4,4,6,6,2,7,4,5,7,7,6,5,4,6,4,7,7,4,5,7,6,2,7,4,5,7,4,6,3,7,3,5,3,999,5,2,6,7,6,4,6,7,4,6,4
160,1,1,1,22,1,5,4,1,1,0,0,1,0,0,0,1,0,0, ,0,2,1,2,1,2,4,6,6,5,4,5,6,7,6,3,3,5,6,3,6,2,7,6,4,4,4,6,6,6,2,6,5,5,4,4,3,3,2,6,6,6,5,6,6,6,5,6,4,4,6,6,6,6,3,6,3,6,6
161,1,1,1,22,1,4,5,1,1,1,0,0,0,0,0,1,1,0, ,1,2,3,2,2,1,2,7,2,4,3,6,5,7,5,5,4,6,5,2,6,6,6,6,7,5,4,7,4,6,6,6,7,7,6,6,6,7,4,5,7,7,5,4,1,7,7,7,4,4,5,3,6,4,5,6,7,7,5
162,1,1,1,19,2,2,4,1,1,0,1,1,0,0,0,0,0,0, ,1,2,2,2,2,4,3,6,6,6,5,6,3,7,7,1,2,2,7,7,7,7,6,5,6,7,7,7,6,6,2,7,6,5,7,6,5,6,6,7,1,6,2,7,1,1,7,7,6,6,5,4,6,7,2,7,6,6,5
163,1,1,1,21,2,4,2,1,1,0,0,0,0,0,0,0,0,0, ,0,2,1,2,2,2,7,7,6,4,5,7,7,7,7,2,2,7,7,2,6,2,7,6,5,6,7,7,7,6,2,6,4,7,5,6,7,7,2,7,7,7,2,6,6,7,6,7,7,6,7,7,7,6,3,7,4,7,7
164,1,1,1,18,2,4,2,1,1,0,0,0,0,0,0,0,0,0, ,1,1,2,2,1,7,1,6,6,7,2,6,2,6,1,7,1,2,1,6,6,7,7,7,6,1,6,7,7,6,6,1,7,7,1,7,7,6,6,7,6,6,6,1,1,2,6,6,5,7,6,7,7,6,6,3,6,7,6
165,1,1,1,21,1,2,6,1,1,1,1,1,0,0,1,0,0,0, ,0,2,2,2,2,5,6,7,7,6,2,6,7,7,6,1,6,7,6,7,7,7,6,6,7,7,6,7,6,7,5,6,6,6,6,7,7,6,2,6,6,7,2,3,5,7,6,6,7,6,6,7,7,6,2,6,7,7,7
166,1,1,1,20,2,5,3,1,1,0,0,0,0,0,0,1,0,0, ,0,1,1,2,2,6,1,1,1,1,6,1,1,2,6,2,2,2,6,1,2,1,2,6,1,2,2,1,1,1,6,7,1,1,1,1,1,2,2,2,2,1,2,2,1,1,1,1,2,2,2,7,7,6,7,6,7,6,7
167,1,2,1,23,2,5,3,1,1,0,0,0,0,0,0,1,0,0, ,1,2,1,1,2,6,7,7,4,6,2,7,6,7,4,5,6,7,6,6,5,6,7,7,7,6,6,7,7,7,6,3,6,7,6,7,6,6,5,6,6,7,4,2,6,7,6,4,6,6,6,6,7,5,5,6,7,7,7
168,1,1,1,20,1,2,3,1,1,0,1,1,0,0,0,0,0,0, ,1,2,2,2,1,7,6,6,6,6,2,6,6,6,2,5,6,7,3,6,6,6,7,7,7,6,6,6,6,6,6,2,7,7,6,7,7,7,7,7,6,7,6,6,7,6,7,7,5,6,6,6,6,6,6,6,6,7,6
169,1,1,1,19,1,3,4,1,1,0,1,1,0,0,0,0,0,0, ,1,2,2,2,2,6,2,7,7,7,2,6,1,7,1,1,2,3,6,7,7,6,6,5,6,7,6,7,7,6,2,7,7,6,7,7,6,6,6,7,1,6,1,7,1,1,7,7,6,6,7,2,6,6,2,7,7,6,2
170,1,1,1,21,1,3,4,1,1,1,0,1,0,0,0,0,0,0, ,1,2,1,1,1,1,4,6,4,6,2,5,7,7,7,6,5,7,5,7,6,5,7,6,5,7,5,7,5,6,5,5,6,5,6,6,6,7,6,7,7,7,6,7,1,7,4,7,5,5,6,6,7,4,5,7,6,7,7
171,1,1,1,23,1,5,3,1,1,0,0,0,0,0,0,1,0,0, ,0,2,2,2,2,1,2,7,6,2,6,2,6,7,6,2,2,6,6,6,6,2,7,5,7,6,6,6,6,7,6,6,2,6,7,7,7,7,2,7,6,7,6,7,2,7,6,7,6,1,5,3,6,1,2,7,7,7,5
172,1,1,1,21,2,9,2,1,1,0,0,0,0,0,0,0,0,1,Kashmiri,0,3,2,2,2,4,6,5,5,6,2,4,4,6,6,4,6,4,6,6,6,6,4,4,4,6,6,6,6,6,4,6,6,6,6,6,6,6,4,6,2,6,4,2,4,6,6,6,6,4,6,4,6,4,4,6,6,6,4
173,1,1,1,23,1,3,3,1,0,0,0,1,1,0,0,0,0,0, ,1,2,3,3,1,5,6,7,6,5,1,5,4,5,3,7,1,6,2,5,6,5,3,3,4,5,5,6,5,5,2,5,6,5,5,5,6,6,6,5,5,5,5,5,5,6,6,5,5,5,6,5,5,3,5,5,5,6,6
174,1,1,1,21,1,1,3,1,1,1,0,0,0,0,0,0,0,0, ,1,3,2,2,1,1,2,7,5,7,7,4,6,6,7,5,3,6,3,7,6,5,7,2,5,7,6,7,1,6,4,1,7,7,5,7,7,7,6,6,1,7,4,7,1,7,7,6,4,5,4,7,1,5,5,7,6,5,6
175,1,1,1,23,2,6,4,1,1,1,0,0,0,0,1,0,0,0, ,1,2,1,1,2,6,1,1,2,6,2,2,1,1,2,6,4,1,7,2,2,2,2,1,4,1,2,1,2,1,6,7,1,1,1,2,1,4,3,2,4,2,7,7,4,4,4,2,2,2,2,4,2,4,6,2,1,2,2
176,1,1,1,18,2,1,3,1,1,1,0,0,0,0,0,0,0,0, ,1,1,2,2,2,6,2,7,7,7,2,6,2,6,1,1,7,2,6,7,6,7,7,6,7,6,6,5,4,5,1,7,7,6,7,7,7,7,6,7,1,7,1,6,2,3,7,7,6,5,7,6,6,6,2,7,7,6,2
177,1,1,1,22,1,1,4,1,1,1,0,0,0,0,1,0,0,0, ,0,2,1,1,1,7,1,7,4,5,1,7,7,7,1,7,7,7,7,7,999,5,7,7,5,7,7,7,5,7,7,1,7,6,6,7,7,7,7,7,7,7,7,7,7,7,7,7,7,7,7,7,7,7,7,7,7,7,7
178,1,2,1,22,2,3,3,1,1,0,0,1,0,0,0,0,0,0, ,0,2,1,1,1,6,3,7,7,6,6,5,5,6,6,6,5,5,5,7,6,5,3,7,6,7,3,7,6,6,5,1,7,7,7,7,6,7,7,7,1,5,4,7,3,6,6,7,7,6,5,5,6,7,5,7,5,6,5
179,1,1,1,20,2,4,3,1,11,0,0,0,0,0,0,1,0,0, ,1,3,2,3,1,999,6,6,4,6,6,2,7,5,6,3,5,4,2,5,6,4,5,6,1,1,6,5,7,4,3,2,4,7,4,6,6,7,4,6,3,6,1,3,1,6,4,5,999,3,6,4,6,6,3,4,6,7,4
180,1,1,1,19,1,5,5,1,1,1,1,0,0,0,0,1,0,0, ,1,3,2,1,3,6,6,7,4,4,1,6,6,7,1,5,7,5,5,4,3,7,7,6,6,2,6,6,6,7,5,6,7,7,7,6,2,7,6,6,6,3,6,7,6,7,6,6,6,5,6,4,4,6,6,7,6,7,4
181,1,2,1,22,2,5,3,1,1,0,0,0,0,0,0,1,0,0, ,1,2,1,2,1,1,1,7,7,5,3,7,2,7,5,6,7,1,2,7,7,7,1,1,7,5,7,7,6,6,7,3,7,6,7,7,7,5,6,7,1,7,7,5,1,1,6,7,6,6,7,1,1,6,6,7,7,7,1
182,1,1,1,23,1,2,10,1,1,1,1,1,1,1,1,1,1,0, ,0,2,999,999,999,1,3,7,1,4,5,1,7,7,7,1,1,7,5,1,5,7,7,1,1,7,6,6,5,7,4,7,6,1,7,6,6,4,1,1,1,1,1,1,4,7,1,6,1,7,1,7,7,1,1,7,4,7,1
183,1,1,1,22,1,1,3,1,1,1,0,0,0,0,0,0,0,0, ,1,2,1,1,2,1,2,5,6,5,6,4,6,6,1,5,4,7,4,5,6,3,7,6,5,6,6,6,4,6,4,2,7,2,4,6,6,6,4,7,4,6,6,2,5,6,5,4,3,5,6,5,6,2,4,5,4,7,3
184,1,1,1,22,1,5,4,1,1,0,0,0,0,0,1,1,0,0, ,0,2,1,1,2,2,2,5,6,5,4,5,6,5,4,5,1,6,5,4,6,5,7,5,2,6,6,6,6,6,2,6,2,6,5,6,6,6,6,6,2,5,3,4,2,6,5,6,4,2,4,5,6,6,5,6,6,6,2
185,1,1,1,21,1,2,5,1,1,1,1,1,0,0,0,0,0,0, ,1,2,1,2,2,6,6,7,5,2,3,6,7,7,5,5,2,6,2,7,6,7,6,7,7,6,6,7,5,5,5,6,6,7,6,6,6,3,3,6,3,7,6,4,6,1,4,6,4,6,4,6,7,5,3,7,7,6,1
186,1,1,1,18,1,3,3,1,1,0,0,1,0,0,0,0,0,0, ,1,1,1,2,1,3,1,2,1,3,7,1,2,3,4,1,1,1,4,1,2,4,2,1,3,2,3,1,1,1,2,7,4,2,1,2,1,1,3,1,1,1,2,3,1,999,3,1,1,3,1,4,2,1,2,1,1,1,2
187,1,12,7,22,2,1,3,1,1,1,0,0,0,0,0,0,0,0, ,1,2,1,1,1,6,3,7,6,5,2,5,3,6,2,5,5,3,2,3,6,5,5,5,5,3,6,6,6,5,5,2,7,5,3,7,6,7,6,6,3,5,5,2,3,6,7,6,6,5,5,6,7,6,5,3,6,6,3
188,1,12,7,21,2,1,4,1,1,1,0,0,0,0,1,0,0,0, ,1,2,2,2,2,2,2,7,6,7,6,6,1,7,6,6,3,1,7,6,6,2,2,3,7,7,6,7,1,7,5,6,2,3,6,6,3,7,6,6,3,2,6,6,2,2,7,4,5,3,5,2,6,3,6,6,5,7,1
189,1,1,1,21,1,2,5,1,1,1,1,1,0,0,0,0,0,0, ,1,1,1,1,1,6,5,7,7,7,6,6,7,7,7,2,5,7,6,7,2,7,7,7,7,7,7,7,7,7,2,6,7,7,4,4,5,7,5,4,7,4,7,4,6,7,7,7,5,6,6,2,7,7,2,7,7,7,7
190,1,2,1,21,1,2,6,1,1,1,1,1,0,0,1,0,0,0, ,1,1,1,2,1,1,7,7,7,1,5,7,7,7,6,1,7,7,7,2,5,1,7,7,5,7,7,7,7,6,1,7,6,7,7,1,7,5,1,1,2,7,7,7,1,7,1,7,7,7,7,5,7,5,1,6,6,6,6
191,1,1,1,21,2,5,3,1,1,0,0,0,0,0,0,1,0,0, ,1,3,2,2,1,6,7,7,7,7,2,6,5,7,1,5,2,6,6,7,6,7,6,4,7,7,6,7,6,7,6,1,7,7,7,7,7,7,6,6,2,7,6,6,4,7,6,3,7,7,7,7,7,6,6,2,2,7,4
192,1,1,1,21,1,3,4,1,1,0,1,1,0,0,0,0,0,0, ,1,1,1,999,999,6,7,7,6,6,2,7,5,7,6,2,2,6,6,6,5,6,4,7,6,6,7,7,6,2,5,1,5,6,5,6,6,6,7,6,1,4,1,2,1,6,3,4,4,6,4,5,6,6,3,5,6,6,3
193,1,2,4,19,1,8,4,1,1,0,0,0,0,0,0,1,1,0, ,1,1,1,1,1,7,2,6,6,6,6,6,1,7,7,1,2,6,1,7,7,7,7,6,6,7,7,6,6,7,1,7,7,6,7,7,6,6,6,7,2,6,2,7,2,6,7,7,6,6,7,5,6,7,1,7,7,6,5
194,1,2,4,23,1,1,6,1,1,1,1,1,0,0,1,0,0,0, ,0,2,1,2,2,2,5,7,5,5,3,6,6,5,2,4,2,6,5,6,3,1,1,5,6,4,2,6,3,6,2,2,2,2,1,5,6,6,3,6,7,2,2,2,4,5,3,3,3,6,6,6,6,7,6,6,6,6,2
195,1,1,4,23,1,2,3,1,1,0,1,0,0,0,0,0,0,0, ,1,2,1,2,1,6,6,7,6,7,3,6,4,7,7,5,5,5,7,7,6,7,7,4,5,7,7,7,4,7,7,1,6,7,4,6,6,6,5,7,7,6,6,3,2,7,7,6,7,7,7,4,6,7,6,7,7,7,4
196,1,2,4,22,1,1,3,1,1,1,0,0,0,0,0,0,0,0, ,1,3,1,2,2,7,6,7,6,7,2,5,6,6,3,7,5,6,2,6,7,6,6,5,5,4,5,7,5,5,5,2,6,7,6,7,5,5,4,5,2,4,5,2,1,6,5,6,5,5,6,6,5,6,5,6,5,6,6
197,1,1,4,24,2,1,3,1,1,1,0,0,0,0,0,0,0,0, ,0,1,1,1,2,3,1,3,7,6,3,6,6,7,7,1,5,4,7,7,7,7,1,7,7,7,4,7,7,7,2,5,7,7,4,7,7,7,6,7,5,7,2,6,1,6,7,7,7,7,4,1,7,4,1,3,7,7,5
198,1,1,4,22,2,8,3,1,1,0,0,0,0,0,0,0,1,0, ,0,2,2,2,2,3,2,6,5,5,1,4,4,6,5,6,4,4,6,4,5,3,3,4,5,6,4,4,5,6,3,3,4,5,6,5,4,4,4,5,2,5,3,7,4,5,3,3,3,4,4,4,5,4,4,5,5,6,4
199,1,2,4,23,2,5,3,1,1,0,0,0,0,0,0,1,0,0, ,1,2,1,1,1,3,6,7,5,7,7,6,7,5,3,2,3,6,5,6,5,4,3,7,6,6,7,7,6,7,7,2,7,3,6,7,3,5,4,5,3,5,2,5,2,7,5,6,3,4,4,5,6,4,2,6,6,7,5
200,1,1,4,23,2,1,3,1,1,1,0,0,0,0,0,0,0,0, ,1,3,1,1,2,3,6,7,5,5,2,4,6,6,6,4,3,4,6,4,5,4,5,4,3,7,6,6,5,6,4,5,5,4,7,5,5,4,3,6,4,4,5,7,3,5,3,4,4,4,4,3,5,5,3,6,4,3,4
201,1,2,4,23,1,2,4,1,1,0,1,1,0,0,0,0,0,0, ,1,3,2,2,2,2,3,7,6,1,1,7,6,7,2,7,7,6,3,6,6,6,6,4,6,6,5,7,2,6,6,4,6,6,5,6,6,6,4,6,4,6,6,2,2,6,6,6,6,6,6,4,6,4,7,7,6,6,4
202,1,1,4,23,1,2,4,1,1,0,1,1,0,0,0,0,0,0, ,0,2,1,1,2,7,6,7,6,6,6,6,2,4,6,2,6,4,6,6,5,7,6,7,6,2,6,7,6,7,6,1,6,7,6,7,7,7,6,6,2,7,6,6,2,6,7,7,6,6,7,7,7,2,2,7,6,7,6
203,1,1,4,24,1,1,4,1,1,1,0,0,0,0,1,0,0,0, ,1,1,1,2,2,2,1,7,6,5,3,2,6,7,1,2,3,7,6,7,2,3,2,6,2,3,2,1,1,1,3,7,2,3,2,1,6,3,3,1,5,3,1,2,3,1,3,1,2,3,4,1,3,2,1,4,1,1,2
204,1,1,4,23,2,5,3,1,1,0,0,0,0,0,0,1,0,0, ,1,2,2,2,2,6,2,6,2,6,2,6,2,7,6,2,6,6,6,6,6,6,2,2,6,2,2,6,6,6,6,2,6,6,2,7,7,7,2,2,2,2,6,6,2,6,7,7,6,6,7,2,6,6,6,2,6,6,2
205,1,1,4,24,2,10,4,1,1,0,0,0,0,0,1,0,0,1,Hazargi,1,2,2,2,2,4,6,7,6,5,4,6,6,6,5,3,4,4,3,4,6,4,5,5,4,6,6,7,5,6,5,6,6,6,5,6,6,6,3,6,4,5,3,5,4,5,6,6,6,6,6,5,5,5,3,6,5,6,4
206,1,1,4,25,1,2,3,1,1,0,1,0,0,0,0,0,0,0, ,1,2,1,2,2,1,2,1,1,3,2,4,5,5,4,3,5,6,1,4,3,7,7,6,6,7,7,7,2,7,5,1,5,2,6,7,5,6,4,5,999,3,5,6,2,2,7,7,6,7,6,6,6,5,4,4,6,7,5
207,1,2,4,22,2,1,3,1,1,1,0,0,0,0,0,0,0,0, ,1,2,3,1,2,7,6,7,4,7,1,7,4,6,4,3,6,6,1,4,6,7,4,7,6,7,7,7,7,7,6,1,5,6,7,7,5,6,4,7,6,5,7,7,6,7,7,5,7,6,7,5,7,7,6,7,6,7,6
208,1,2,4,23,2,6,3,1,1,0,0,0,0,0,1,0,0,0, ,1,2,2,1,2,1,1,6,5,5,4,5,6,7,7,2,4,7,7,4,6,2,1,5,4,6,5,7,7,7,2,6,6,6,4,7,7,7,2,6,2,7,2,7,2,7,5,6,5,4,4,1,6,3,2,7,7,7,4
209,1,1,4,25,1,7,5,1,1,0,0,0,0,1,0,1,1,0, ,0,2,1,2,1,4,7,7,4,4,6,7,7,7,6,2,2,7,1,7,5,2,7,7,7,7,7,7,6,6,6,6,2,6,6,6,6,7,7,7,2,2,6,7,2,4,2,4,7,7,7,7,7,4,1,7,7,7,4
210,1,1,1,21,1,1,2,1,0,1,0,0,0,0,0,0,0,0, ,0,999,999,999,999,3,1,7,2,4,1,2,2,6,1,3,2,1,3,4,3,2,4,4,2,4,1,7,2,7,2,1,2,4,1,7,4,7,2,2,1,1,2,1,1,2,4,7,3,2,2,1,7,1,2,4,7,4,1
211,1,1,1,19,1,1,3,1,1,1,0,0,0,0,0,0,0,0, ,1,1,2,1,2,6,2,7,5,5,1,7,2,6,7,1,2,1,6,7,7,6,6,7,7,6,6,7,7,6,1,7,7,7,7,6,7,6,5,6,1,7,2,6,1,2,7,7,6,7,6,2,6,7,2,7,6,6,1
212,1,1,1,22,1,1,3,1,1,1,0,0,0,0,0,0,0,0, ,1,2,2,1,2,7,5,7,7,7,1,7,7,7,2,5,7,7,3,7,7,7,7,7,7,5,7,7,7,7,7,1,7,7,7,7,7,7,7,7,5,7,7,7,5,7,7,7,7,7,7,7,7,7,7,7,7,7,7
213,1,1,1,23,1,1,3,1,1,1,0,0,0,0,0,0,0,0, ,0,3,1,1,1,5,3,7,6,3,5,2,6,7,3,5,2,6,3,5,6,2,7,6,5,3,6,7,6,6,5,2,7,6,3,6,6,5,3,6,6,6,5,3,3,6,6,7,6,6,5,7,6,5,5,6,7,7,6
214,1,1,1,21,1,2,2,0,1,0,1,0,0,0,0,0,0,0, ,1,2,1,2,2,2,6,7,6,2,2,6,6,7,1,2,4,7,6,7,6,7,6,7,7,6,6,5,2,6,4,6,7,6,7,6,7,7,6,7,4,7,5,6,6,7,6,6,6,6,7,3,7,6,5,6,6,6,7
215,1,13,8,22,2,2,4,1,1,0,1,1,0,0,0,0,0,0, ,1,2,2,2,2,7,1,6,7,6,7,5,1,6,6,2,3,2,7,7,6,6,6,6,7,5,5,6,5,6,2,6,6,6,6,7,6,7,6,6,2,7,3,7,1,2,5,6,5,6,6,4,5,5,3,7,6,7,3
216,1,2,4,20,1,2,5,1,1,0,1,1,1,0,0,0,0,0, ,1,2,2,2,2,6,2,7,6,7,1,5,3,7,1,6,3,2,2,7,7,7,6,6,7,2,6,7,7,7,6,2,7,6,2,7,7,7,6,7,6,6,6,2,2,3,7,6,6,7,6,5,6,4,5,1,6,6,5
217,1,2,6,22,1,2,4,1,1,0,1,0,1,0,0,0,0,0, ,0,1,2,1,2,7,1,7,7,6,2,7,1,7,1,6,1,2,1,7,7,6,5,6,7,1,7,7,7,6,6,1,4,5,2,7,7,7,6,6,7,7,6,1,1,2,7,7,6,7,5,7,7,6,5,1,1,7,7
218,1,2,6,22,2,1,3,1,1,1,0,0,0,0,0,0,0,0, ,1,2,2,2,2,6,1,6,7,6,1,6,1,7,2,6,2,2,1,7,6,5,7,6,7,1,7,7,7,6,6,1,7,6,1,7,6,6,6,7,7,7,7,1,1,3,6,6,7,7,6,4,7,3,6,1,7,7,6
219,1,2,6,21,1,4,3,1,1,1,0,0,0,0,0,0,0,0, ,1,1,1,2,2,7,2,7,7,7,7,6,2,7,7,1,2,2,6,7,6,6,7,7,7,6,6,6,7,7,1,7,7,6,7,7,7,6,6,7,1,6,2,7,1,2,7,7,6,5,5,5,3,6,2,7,7,7,2
220,1,1,1,20,1,2,4,1,1,0,1,0,1,0,0,0,0,0, ,1,1,2,1,2,6,1,5,6,5,2,7,7,6,2,6,2,6,2,2,6,6,2,7,6,5,2,6,6,6,6,2,2,6,6,6,2,6,6,6,7,7,6,7,2,7,2,6,6,6,5,2,6,7,6,2,7,7,5
221,1,2,1,19,2,5,3,1,1,0,0,0,0,0,0,1,0,0, ,1,1,2,2,1,7,7,7,6,7,1,6,5,6,2,7,1,2,7,7,6,6,6,7,7,1,6,6,5,7,6,2,7,7,1,6,6,7,6,6,7,7,6,1,2,1,7,7,7,6,7,7,7,6,6,2,7,6,6
222,1,2,4,21,1,1,4,1,1,1,0,1,0,0,0,0,0,0, ,1,2,1,1,2,7,1,7,7,6,1,6,2,7,2,7,2,2,7,6,7,6,7,7,6,1,7,7,6,7,6,2,6,7,2,6,6,7,6,7,7,7,6,1,1,6,5,5,6,7,7,7,7,7,6,3,7,6,6
223,1,13,8,22,2,1,3,1,1,1,0,0,0,0,0,0,0,0, ,0,2,2,3,2,6,2,7,6,7,6,7,2,7,7,1,2,1,7,6,7,7,6,6,7,6,6,7,7,7,1,6,7,6,5,6,6,5,7,6,3,5,3,6,3,7,6,6,6,7,7,4,6,7,2,7,7,6,5
224,1,13,8,22,2,2,4,1,1,0,1,0,0,0,0,0,0,0, ,1,2,2,3,2,6,2,7,7,7,6,6,2,7,7,1,2,3,7,6,6,7,7,6,7,6,6,7,7,5,1,7,7,6,7,7,6,6,7,7,2,6,2,6,1,6,7,7,6,7,6,3,6,6,3,7,6,6,5
225,1,13,8,21,1,1,3,1,1,1,0,0,0,0,0,0,0,0, ,1,1,1,2,2,7,2,7,6,7,6,6,3,7,7,1,5,5,6,7,7,7,7,7,6,6,7,6,7,7,1,7,6,7,7,5,7,6,7,7,1,6,1,7,1,5,6,7,7,6,6,4,7,6,1,7,5,6,5
226,1,13,8,21,2,1,4,1,1,1,0,0,0,0,1,0,0,0, ,1,2,1,1,2,6,2,7,6,6,6,6,2,6,5,3,3,3,6,6,5,6,6,6,5,6,7,5,6,7,3,7,5,6,7,6,7,5,5,6,1,6,2,6,1,3,6,5,5,6,5,6,6,4,3,5,5,6,4
227,1,13,8,22,1,2,4,1,1,1,1,0,0,0,0,0,0,0, ,1,1,1,1,2,5,3,7,7,6,7,5,3,7,6,1,5,3,7,5,6,6,6,5,6,7,6,7,5,6,2,7,6,5,6,7,6,7,6,6,3,6,2,6,1,5,6,7,7,5,6,5,6,5,2,7,6,6,5
228,1,1,1,22,1,1,3,1,1,1,0,0,0,0,0,0,0,0, ,1,1,1,1,1,1,1,3,5,1,7,3,1,4,7,1,1,3,7,4,999,1,7,1,1,7,7,7,7,1,1,1,7,6,6,6,6,4,4,7,1,5,1,7,1,4,2,6,6,2,999,6,6,6,1,6,1,5,4
229,1,1,1,19,1,2,4,1,1,0,1,1,0,0,0,0,0,0, ,1,2,2,2,1,6,4,7,5,7,2,6,7,5,4,1,7,7,2,6,3,5,7,7,6,3,4,7,6,4,7,3,7,7,4,7,7,7,6,7,4,5,4,7,6,7,6,6,7,6,4,5,6,7,2,7,6,7,7
